<?xml version = '1.0' encoding = 'UTF-8'?>
<Diagram class="oracle.dbtools.crest.swingui.relational.DPVRelational" name="Relational_1" id="9E61F2CA-6C77-00AC-CA82-F8FD21F2B53C">
<createdBy>vespertino</createdBy>
<modifiedBy>vespertino</modifiedBy>
<createdTime>2023-04-27 17:40:11 UTC</createdTime>
<autoRoute>false</autoRoute>
<boxInbox>true</boxInbox>
<showLegend>false</showLegend>
<showLabels>false</showLabels>
<showRelAttributes>false</showRelAttributes>
<gridEnabled>false</gridEnabled>
<showGrid>false</showGrid>
<diagramColor>-1</diagramColor>
<display>false</display>
<notation>1</notation>
<objectViews>
<OView class="oracle.dbtools.crest.swingui.relational.TVTable" oid="335DD29E-5D7E-BDE3-E122-FF49FF3DFF34" otype="Table" vid="20D2B1C3-ABBB-B99D-BFA6-A773F07D6DFD">
<hideElementsInCurrentOnly>false</hideElementsInCurrentOnly>
<bounds x="446" y="410" width="354" height="110"/>
</OView>
<OView class="oracle.dbtools.crest.swingui.relational.TVTable" oid="342AD501-4315-8E6B-461E-21F2C95FA288" otype="Table" vid="7511D9E6-94F7-B2AF-21B9-8D7391143B4D">
<hideElementsInCurrentOnly>false</hideElementsInCurrentOnly>
<bounds x="81" y="364" width="259" height="192"/>
</OView>
<OView class="oracle.dbtools.crest.swingui.relational.TVTable" oid="3C152D85-AD34-8D2A-9AEF-E8F3757B0B60" otype="Table" vid="8AC35143-0713-A191-07F2-131FE929C0B6">
<hideElementsInCurrentOnly>false</hideElementsInCurrentOnly>
<bounds x="932" y="529" width="247" height="159"/>
</OView>
<OView class="oracle.dbtools.crest.swingui.relational.TVTable" oid="3CF41F25-7D78-BE91-CB78-CE6B4BC6CE6B" otype="Table" vid="1E90261B-AE73-753C-8D52-E98966CEFA40">
<hideElementsInCurrentOnly>false</hideElementsInCurrentOnly>
<bounds x="926" y="262" width="286" height="212"/>
</OView>
<OView class="oracle.dbtools.crest.swingui.relational.TVTable" oid="540BFBD7-8304-8950-4C59-C85664FFFD51" otype="Table" vid="9FEDE07F-6ED5-141B-44CB-118268DD3801">
<hideElementsInCurrentOnly>false</hideElementsInCurrentOnly>
<bounds x="85" y="48" width="275" height="194"/>
</OView>
<OView class="oracle.dbtools.crest.swingui.relational.TVTable" oid="6E8C000A-E0C9-84E4-7446-59BD2435B11B" otype="Table" vid="D0EDE57D-96FB-8217-9E82-C67A291FB5BF">
<hideElementsInCurrentOnly>false</hideElementsInCurrentOnly>
<bounds x="441" y="34" width="388" height="110"/>
</OView>
<OView class="oracle.dbtools.crest.swingui.relational.TVTable" oid="C99E7712-A209-2F25-8F94-C661ED4925F8" otype="Table" vid="E5740999-59F6-4DB3-17A7-03263F4D4B0F">
<hideElementsInCurrentOnly>false</hideElementsInCurrentOnly>
<bounds x="895" y="12" width="324" height="153"/>
</OView>
<OView class="oracle.dbtools.crest.swingui.relational.TVTable" oid="D8D4C2FD-F650-BEE5-71B2-65BADF3D6ABA" otype="Table" vid="D45A92BE-2564-2A69-6B4F-32709F88851C">
<hideElementsInCurrentOnly>false</hideElementsInCurrentOnly>
<bounds x="500" y="166" width="293" height="179"/>
</OView>
</objectViews>
<connectors>
<Connector class="oracle.dbtools.crest.swingui.relational.TVFKRelation" oid="1ACDD816-A95F-222C-B0CD-3912899A5C5E" otype="FKIndexAssociation" vid_source="E5740999-59F6-4DB3-17A7-03263F4D4B0F" vid_target="D0EDE57D-96FB-8217-9E82-C67A291FB5BF">
<hideElementsInCurrentOnly>false</hideElementsInCurrentOnly>
<backgroundColor>-16777216</backgroundColor>
<lineWidth>1</lineWidth>
<points>
<point x="895" y="89"/>
<point x="829" y="89"/>
</points>
</Connector>
<Connector class="oracle.dbtools.crest.swingui.relational.TVFKRelation" oid="4287551B-4530-8F39-BC58-F99262D93F6B" otype="FKIndexAssociation" vid_source="9FEDE07F-6ED5-141B-44CB-118268DD3801" vid_target="D0EDE57D-96FB-8217-9E82-C67A291FB5BF">
<hideElementsInCurrentOnly>false</hideElementsInCurrentOnly>
<backgroundColor>-16777216</backgroundColor>
<lineWidth>1</lineWidth>
<points>
<point x="360" y="96"/>
<point x="441" y="96"/>
</points>
</Connector>
<Connector class="oracle.dbtools.crest.swingui.relational.TVFKRelation" oid="51295A3A-F135-30E9-35DB-E95E7D5DC500" otype="FKIndexAssociation" vid_source="8AC35143-0713-A191-07F2-131FE929C0B6" vid_target="1E90261B-AE73-753C-8D52-E98966CEFA40">
<hideElementsInCurrentOnly>false</hideElementsInCurrentOnly>
<backgroundColor>-16777216</backgroundColor>
<lineWidth>1</lineWidth>
<points>
<point x="1070" y="529"/>
<point x="1070" y="474"/>
</points>
</Connector>
<Connector class="oracle.dbtools.crest.swingui.relational.TVFKRelation" oid="864CFCF0-672E-8C7C-AE62-406F821CB2E8" otype="FKIndexAssociation" vid_source="7511D9E6-94F7-B2AF-21B9-8D7391143B4D" vid_target="9FEDE07F-6ED5-141B-44CB-118268DD3801">
<hideElementsInCurrentOnly>false</hideElementsInCurrentOnly>
<backgroundColor>-16777216</backgroundColor>
<lineWidth>1</lineWidth>
<points>
<point x="212" y="364"/>
<point x="212" y="242"/>
</points>
</Connector>
<Connector class="oracle.dbtools.crest.swingui.relational.TVFKRelation" oid="BB500C6C-BDF2-285C-49B9-59CB39167DC2" otype="FKIndexAssociation" vid_source="9FEDE07F-6ED5-141B-44CB-118268DD3801" vid_target="D45A92BE-2564-2A69-6B4F-32709F88851C">
<hideElementsInCurrentOnly>false</hideElementsInCurrentOnly>
<backgroundColor>-16777216</backgroundColor>
<lineWidth>1</lineWidth>
<points>
<point x="360" y="204"/>
<point x="500" y="204"/>
</points>
</Connector>
<Connector class="oracle.dbtools.crest.swingui.relational.TVFKRelation" oid="EBCFAE07-D898-1D67-AD41-0CC3300CF3F4" otype="FKIndexAssociation" vid_source="1E90261B-AE73-753C-8D52-E98966CEFA40" vid_target="20D2B1C3-ABBB-B99D-BFA6-A773F07D6DFD">
<hideElementsInCurrentOnly>false</hideElementsInCurrentOnly>
<backgroundColor>-16777216</backgroundColor>
<lineWidth>1</lineWidth>
<points>
<point x="926" y="442"/>
<point x="800" y="442"/>
</points>
</Connector>
<Connector class="oracle.dbtools.crest.swingui.relational.TVFKRelation" oid="EE40CE44-1A29-349D-CB5E-48DBAB21A5F5" otype="FKIndexAssociation" vid_source="7511D9E6-94F7-B2AF-21B9-8D7391143B4D" vid_target="20D2B1C3-ABBB-B99D-BFA6-A773F07D6DFD">
<hideElementsInCurrentOnly>false</hideElementsInCurrentOnly>
<backgroundColor>-16777216</backgroundColor>
<lineWidth>1</lineWidth>
<points>
<point x="340" y="465"/>
<point x="446" y="465"/>
</points>
</Connector>
<Connector class="oracle.dbtools.crest.swingui.relational.TVFKRelation" oid="F148C72E-F6B4-EC7F-0E16-C935ACCABE8F" otype="FKIndexAssociation" vid_source="1E90261B-AE73-753C-8D52-E98966CEFA40" vid_target="E5740999-59F6-4DB3-17A7-03263F4D4B0F">
<hideElementsInCurrentOnly>false</hideElementsInCurrentOnly>
<backgroundColor>-16777216</backgroundColor>
<lineWidth>1</lineWidth>
<points>
<point x="1084" y="262"/>
<point x="1084" y="165"/>
</points>
</Connector>
</connectors>
</Diagram>