<?xml version = '1.0' encoding = 'UTF-8'?>
<Entity class="oracle.dbtools.crest.model.design.logical.Entity" directorySegmentName="seg_0" id="2BBD5A31-E500-3344-AA7F-91ECA4E2954A" name="AMONESTACIONES">
<createdBy>vespertino</createdBy>
<createdTime>2023-05-10 17:03:51 UTC</createdTime>
<generatorID>C99E7712-A209-2F25-8F94-C661ED4925F8</generatorID>
<ownerDesignName>modeloDatos</ownerDesignName>
<engineerTo>
<item key="230E4D5E-3091-A5D0-F832-9BF4FE5A1C40" value="true"/>
</engineerTo>
<adequatelyNormalized>NO</adequatelyNormalized>
<expectedVolumes>0</expectedVolumes>
<fwdEngineeringStrategyName>Single Table</fwdEngineeringStrategyName>
<growthPercent>0</growthPercent>
<growthType>Year</growthType>
<maxVolumes>9999999</maxVolumes>
<minVolumes>0</minVolumes>
<normalForm>Third</normalForm>
<attributes itemClass="oracle.dbtools.crest.model.design.logical.Attribute">
<Attribute name="Tipo" id="3F20A17F-2735-6C2E-D128-726AF4C61E7F">
<createdBy>vespertino</createdBy>
<createdTime>2023-05-10 17:03:51 UTC</createdTime>
<generatorID>6291D050-2F11-8381-3007-A4E1FEF4AE99</generatorID>
<ownerDesignName>modeloDatos</ownerDesignName>
<engineerTo>
<item key="230E4D5E-3091-A5D0-F832-9BF4FE5A1C40" value="true"/>
</engineerTo>
<nullsAllowed>true</nullsAllowed>
<useDomainConstraints>false</useDomainConstraints>
<use>1</use>
<logicalDatatype>LOGDT024</logicalDatatype>
<dataTypeSize>30</dataTypeSize>
<ownDataTypeParameters>30,,</ownDataTypeParameters>
</Attribute>
<Attribute name="Id Amonestacion" id="35E9C785-631D-6439-9C91-BBBE366C6CCF">
<createdBy>usuario</createdBy>
<createdTime>2023-05-12 09:38:04 UTC</createdTime>
<generatorID>9E206BCB-CC6F-B92F-942E-670AB5C96B74</generatorID>
<ownerDesignName>modeloDatos</ownerDesignName>
<engineerTo>
<item key="230E4D5E-3091-A5D0-F832-9BF4FE5A1C40" value="true"/>
</engineerTo>
<useDomainConstraints>false</useDomainConstraints>
<use>1</use>
<logicalDatatype>LOGDT025</logicalDatatype>
<dataTypeSize>6</dataTypeSize>
<ownDataTypeParameters>6,,</ownDataTypeParameters>
</Attribute>
<Attribute name="PARTIDOS Id Partido" id="BFB1A5C5-9F3F-CC6C-FFF3-1020BAB2FB82">
<createdBy>usuario</createdBy>
<createdTime>2023-05-12 09:38:04 UTC</createdTime>
<generatorID>402C7A90-B066-3014-B21B-6064E43935D7</generatorID>
<ownerDesignName>modeloDatos</ownerDesignName>
<engineerTo>
<item key="230E4D5E-3091-A5D0-F832-9BF4FE5A1C40" value="true"/>
</engineerTo>
<referedAttribute>EB76342E-E89F-392C-D4A0-4ADC33FB1F49</referedAttribute>
<useDomainConstraints>false</useDomainConstraints>
<use>1</use>
<logicalDatatype>LOGDT025</logicalDatatype>
<dataTypeSize>6</dataTypeSize>
<ownDataTypeParameters>,,</ownDataTypeParameters>
</Attribute>
</attributes>
<identifiers itemClass="oracle.dbtools.crest.model.design.logical.CandidateKey">
<identifier id="53B5705A-373C-15D8-D6A3-B029F0EBA26C" name="AMONESTACIONES PK">
<createdBy>vespertino</createdBy>
<createdTime>2023-05-10 17:03:51 UTC</createdTime>
<generatorID>860AA465-2EBD-4832-6600-22EFB7FD694D</generatorID>
<ownerDesignName>modeloDatos</ownerDesignName>
<shouldEngineer>false</shouldEngineer>
<engineerTo>
<item key="230E4D5E-3091-A5D0-F832-9BF4FE5A1C40" value="false"/>
</engineerTo>
<pk>true</pk>
<usedAttributes>
<attributeRef>35E9C785-631D-6439-9C91-BBBE366C6CCF</attributeRef>
</usedAttributes>
</identifier>
</identifiers>
</Entity>