<?xml version = '1.0' encoding = 'UTF-8'?>
<FKIndexAssociation class="oracle.dbtools.crest.model.design.relational.FKIndexAssociation" directorySegmentName="seg_0" id="4287551B-4530-8F39-BC58-F99262D93F6B" containerWithKeyObject="6E8C000A-E0C9-84E4-7446-59BD2435B11B" localFKIndex="A8C4A46A-4BB4-FE96-3DD8-40459A3B365B" name="Recibe_JUGADOR_FK">
<createdBy>usuario</createdBy>
<createdTime>2023-05-12 08:54:20 UTC</createdTime>
<generatorID>98BC7359-2B91-C4EC-933B-1634E1DEF5EB</generatorID>
<ownerDesignName>modeloDatos</ownerDesignName>
<referredTableLongName>JUGADOR</referredTableLongName>
<deleteRule>CASCADE</deleteRule>
<referredTableID>540BFBD7-8304-8950-4C59-C85664FFFD51</referredTableID>
<keyObject>D2ECD69D-85D8-E77D-9CC9-C461491B71F3</keyObject>
<referredKeyID>D2ECD69D-85D8-E77D-9CC9-C461491B71F3</referredKeyID>
<mandatory>true</mandatory>
<refColNames>Id_Jugador</refColNames>
<transferable>true</transferable>
<rely>false</rely>
<columnDependencyConstraintGenerateInDDL>true</columnDependencyConstraintGenerateInDDL>
</FKIndexAssociation>