<?xml version = '1.0' encoding = 'UTF-8'?>
<FKIndexAssociation class="oracle.dbtools.crest.model.design.relational.FKIndexAssociation" directorySegmentName="seg_0" id="BB500C6C-BDF2-285C-49B9-59CB39167DC2" containerWithKeyObject="D8D4C2FD-F650-BEE5-71B2-65BADF3D6ABA" localFKIndex="492C3014-A0B4-074B-D989-836A17A327F9" name="LESIONES_JUGADOR_FK">
<createdBy>usuario</createdBy>
<createdTime>2023-05-12 08:54:20 UTC</createdTime>
<generatorID>FAC064D2-DC41-B219-E86C-6EF119B94548</generatorID>
<ownerDesignName>modeloDatos</ownerDesignName>
<referredTableLongName>JUGADOR</referredTableLongName>
<deleteRule>NO ACTION</deleteRule>
<referredTableID>540BFBD7-8304-8950-4C59-C85664FFFD51</referredTableID>
<keyObject>D2ECD69D-85D8-E77D-9CC9-C461491B71F3</keyObject>
<referredKeyID>D2ECD69D-85D8-E77D-9CC9-C461491B71F3</referredKeyID>
<mandatory>true</mandatory>
<refColNames>Id_Jugador</refColNames>
<transferable>true</transferable>
<rely>false</rely>
<columnDependencyConstraintGenerateInDDL>true</columnDependencyConstraintGenerateInDDL>
</FKIndexAssociation>