<?xml version = '1.0' encoding = 'UTF-8'?>
<FKIndexAssociation class="oracle.dbtools.crest.model.design.relational.FKIndexAssociation" directorySegmentName="seg_0" id="EBCFAE07-D898-1D67-AD41-0CC3300CF3F4" containerWithKeyObject="335DD29E-5D7E-BDE3-E122-FF49FF3DFF34" localFKIndex="1B251269-775A-41AF-12F0-2FB6EFD6C332" name="Competir_PARTIDOS_FK">
<createdBy>usuario</createdBy>
<createdTime>2023-05-12 08:54:20 UTC</createdTime>
<generatorID>766E8E47-1D29-27BC-C0CF-39B98ECAC02E</generatorID>
<ownerDesignName>modeloDatos</ownerDesignName>
<referredTableLongName>PARTIDOS</referredTableLongName>
<deleteRule>CASCADE</deleteRule>
<referredTableID>3CF41F25-7D78-BE91-CB78-CE6B4BC6CE6B</referredTableID>
<keyObject>C62F7A95-3001-3A87-1F14-F74BCE6EDA33</keyObject>
<referredKeyID>C62F7A95-3001-3A87-1F14-F74BCE6EDA33</referredKeyID>
<mandatory>true</mandatory>
<refColNames>Id_Partido</refColNames>
<transferable>true</transferable>
<rely>false</rely>
<columnDependencyConstraintGenerateInDDL>true</columnDependencyConstraintGenerateInDDL>
</FKIndexAssociation>