<?xml version = '1.0' encoding = 'UTF-8'?>
<relationalModel class="oracle.dbtools.crest.model.design.relational.RelationalDesign" name="Relational_1" id="230E4D5E-3091-A5D0-F832-9BF4FE5A1C40" mainViewID="9E61F2CA-6C77-00AC-CA82-F8FD21F2B53C">
<createdBy>vespertino</createdBy>
<createdTime>2023-04-27 17:39:42 UTC</createdTime>
<ownerDesignName>modeloDatos</ownerDesignName>
<shouldBeOpen>true</shouldBeOpen>
<selectedRDBMSSite>32076570-2523-435C-2E92-BF29817DFF70</selectedRDBMSSite>
</relationalModel>