<?xml version = '1.0' encoding = 'UTF-8'?>
<Table class="oracle.dbtools.crest.model.design.relational.Table" directorySegmentName="seg_0" id="D8D4C2FD-F650-BEE5-71B2-65BADF3D6ABA" name="LESIONES">
<createdBy>vespertino</createdBy>
<createdTime>2023-04-27 17:51:19 UTC</createdTime>
<ownerDesignName>modeloDatos</ownerDesignName>
<ordsAlias>table_6</ordsAlias>
<allowColumnReorder>false</allowColumnReorder>
<existDependencyGenerateInDDl>true</existDependencyGenerateInDDl>
<parsed>true</parsed>
<columns itemClass="oracle.dbtools.crest.model.design.relational.Column">
<Column name="Codigo_Lesion" id="F399A3FA-B0EC-AE6F-4569-77958325FD83">
<createdBy>vespertino</createdBy>
<createdTime>2023-04-28 17:05:09 UTC</createdTime>
<ownerDesignName>modeloDatos</ownerDesignName>
<useDomainConstraints>false</useDomainConstraints>
<use>1</use>
<logicalDatatype>LOGDT025</logicalDatatype>
<dataTypeSize>6</dataTypeSize>
<ownDataTypeParameters>6,,</ownDataTypeParameters>
<autoIncrementCycle>false</autoIncrementCycle>
</Column>
<Column name="Tipo" id="A0BD138F-2E68-9985-EE55-E8CA67D818A0">
<createdBy>vespertino</createdBy>
<createdTime>2023-04-28 17:05:09 UTC</createdTime>
<ownerDesignName>modeloDatos</ownerDesignName>
<nullsAllowed>true</nullsAllowed>
<useDomainConstraints>false</useDomainConstraints>
<use>1</use>
<logicalDatatype>LOGDT024</logicalDatatype>
<dataTypeSize>40</dataTypeSize>
<ownDataTypeParameters>40,,</ownDataTypeParameters>
<autoIncrementCycle>false</autoIncrementCycle>
</Column>
<Column name="Fecha" id="D138FDAD-734A-87D3-457A-F1D2ACE96164">
<createdBy>vespertino</createdBy>
<createdTime>2023-04-28 17:05:09 UTC</createdTime>
<ownerDesignName>modeloDatos</ownerDesignName>
<nullsAllowed>true</nullsAllowed>
<useDomainConstraints>false</useDomainConstraints>
<use>1</use>
<logicalDatatype>LOGDT007</logicalDatatype>
<ownDataTypeParameters>,,</ownDataTypeParameters>
<autoIncrementCycle>false</autoIncrementCycle>
</Column>
<Column name="id_jugador" id="1AE13BA4-60D8-C715-FA91-8CD13DA0124F">
<createdBy>usuario</createdBy>
<createdTime>2023-05-12 08:54:20 UTC</createdTime>
<generatorID>F2096A34-2AA6-DB81-EC52-9EFA7DF742AB</generatorID>
<ownerDesignName>modeloDatos</ownerDesignName>
<useDomainConstraints>false</useDomainConstraints>
<use>1</use>
<logicalDatatype>LOGDT025</logicalDatatype>
<dataTypeSize>10</dataTypeSize>
<ownDataTypeParameters>10,,</ownDataTypeParameters>
<previousColumn>false</previousColumn>
<autoIncrementCycle>false</autoIncrementCycle>
</Column>
<Column name="JUGADOR_Id_Jugador" id="0BDD7B71-7A35-7279-C51E-17F1DD0B6925">
<createdBy>usuario</createdBy>
<createdTime>2023-05-12 09:12:46 UTC</createdTime>
<ownerDesignName>modeloDatos</ownerDesignName>
<useDomainConstraints>false</useDomainConstraints>
<use>1</use>
<logicalDatatype>LOGDT025</logicalDatatype>
<dataTypeSize>6</dataTypeSize>
<ownDataTypeParameters>,,</ownDataTypeParameters>
<previousColumn>false</previousColumn>
<autoIncrementCycle>false</autoIncrementCycle>
<associations>
<colAssociation fkAssociation="BB500C6C-BDF2-285C-49B9-59CB39167DC2" referredColumn="FB60CAD4-6305-708B-B3C0-D694990300DD"/>
</associations>
</Column>
</columns>
<indexes itemClass="oracle.dbtools.crest.model.design.relational.Index">
<ind_PK_UK id="9D65AE9A-36B2-6DDA-49EF-1B7549FA2744" name="LESIONES_PK">
<createdBy>vespertino</createdBy>
<createdTime>2023-04-28 17:05:57 UTC</createdTime>
<ownerDesignName>modeloDatos</ownerDesignName>
<pk>true</pk>
<indexState>Primary Constraint</indexState>
<isSurrogateKey>false</isSurrogateKey>
<indexColumnUsage>
<colUsage columnID="F399A3FA-B0EC-AE6F-4569-77958325FD83"/>
<colUsage columnID="0BDD7B71-7A35-7279-C51E-17F1DD0B6925"/>
</indexColumnUsage>
</ind_PK_UK>
<ind_PK_UK id="492C3014-A0B4-074B-D989-836A17A327F9" name="LESIONES_JUGADOR_FK">
<createdBy>usuario</createdBy>
<createdTime>2023-05-12 08:54:20 UTC</createdTime>
<generatorID>FAC064D2-DC41-B219-E86C-6EF119B94548</generatorID>
<ownerDesignName>modeloDatos</ownerDesignName>
<indexState>Foreign Key</indexState>
<isSurrogateKey>false</isSurrogateKey>
<indexColumnUsage>
<colUsage columnID="0BDD7B71-7A35-7279-C51E-17F1DD0B6925"/>
</indexColumnUsage>
</ind_PK_UK>
</indexes>
</Table>